id,action_id,positive_impact,negative_impact,neutral_impact
ref_1,plastic_bag_ban,"The ban on single-use containers has transformed our floating cities. The streets are cleaner, the water is clearer, and the fish-people have adapted beautifully to reusable alternatives. Children now play with kelp-based toys instead of synthetic ones, and the traditional crafts are experiencing a renaissance.","The transition wasn't without challenges. Some merchants struggled to adapt, and there were initial shortages of alternative materials. A few fish-people complained about the inconvenience, but most have embraced the change.","The ban has become so normalized that younger fish-people can't even imagine using disposable containers. It's simply part of our way of life now."
ref_2,community_cleanup,"The community cleanup efforts have brought our floating cities together like never before. What started as a simple initiative has become a social movement, with families organizing regular cleaning sessions. The sense of community pride is palpable, and the visible results have inspired other cities to follow suit.","The cleanup efforts revealed the true extent of our pollution problem, which was initially shocking and demoralizing. Some fish-people became overwhelmed by the scale of the task and questioned whether it was worth the effort.","The cleanup has become a regular part of our civic life, with different neighborhoods competing to see who can keep their areas cleanest. It's become a source of friendly rivalry and community bonding."
ref_3,river_interceptor,"The river interceptors have been a game-changer for our water quality. The floating barriers catch synthetic materials before they reach the ocean, and the improvement in water clarity is remarkable. The fishing guilds report better catches, and the marine life is thriving in the protected areas.","The interceptors require constant maintenance, and some have been damaged by storms. The initial investment was significant, and there were concerns about whether the technology would work as promised.","The interceptors have become a symbol of our commitment to environmental protection. Visitors from other floating cities come to see them as examples of innovative solutions."
ref_4,extended_producer_responsibility,"The extended producer responsibility program has revolutionized our economy. Manufacturers are now designing products with end-of-life in mind, leading to more sustainable and recyclable materials. The circular economy is flourishing, and waste has become a valuable resource.","The transition was difficult for some manufacturers who had to completely redesign their products. There were initial job losses in the old manufacturing sector, and some companies struggled to adapt to the new requirements.","The program has created new industries and job opportunities. Young fish-people are now pursuing careers in sustainable design and circular economy management."
ref_5,heavy_ocean_cleanup,"The heavy ocean cleanup operations have made a dramatic difference in our waters. Large areas of the ocean are now free from synthetic debris, and the marine life is returning to previously polluted areas. The visible improvement has boosted public morale and environmental awareness.","The cleanup operations were expensive and sometimes disruptive to marine life. Some fish-people questioned whether the cost was worth the benefit, and there were concerns about the long-term sustainability of such intensive operations.","The cleanup has become a source of national pride. Other floating cities are now implementing similar programs, and we've become a model for ocean restoration efforts."
ref_6,recycling_only_approach,"The recycling-only approach has created a thriving recycling industry and reduced our dependence on new synthetic materials. The floating cities have become more self-sufficient, and the recycling facilities have become centers of innovation and employment.","The approach didn't address the root cause of the problem - the production of synthetic materials. Some fish-people became complacent, thinking that recycling alone would solve all our problems. The recycling facilities themselves became sources of pollution.","The recycling program has become an integral part of our economy and culture. It's taught us valuable lessons about resource management and the importance of thinking about the entire lifecycle of products."
ref_7,subsidize_fishing_industry,"The fishing industry subsidies have kept our economy stable and maintained employment levels. The fishing guilds have been able to invest in more sustainable practices, and the industry has become more efficient and profitable.","The subsidies have encouraged overfishing and increased the use of synthetic fishing gear. The environmental costs have been significant, and some fish-people question whether the economic benefits justify the environmental damage.","The subsidies have become a controversial topic, with strong arguments on both sides. The debate has led to more informed discussions about the balance between economy and environment."
ref_8,build_waste_incineration,"The waste incineration facilities have solved our immediate waste disposal problem and generated energy for our floating cities. The technology has improved air quality compared to previous methods, and the energy production has reduced our dependence on other sources.","The incineration process still produces some pollution, and there are concerns about the long-term health effects. Some fish-people are uncomfortable with the idea of burning waste, preferring more natural disposal methods.","The incineration facilities have become a necessary part of our waste management system. They've taught us about the importance of considering all aspects of waste disposal, including energy production and environmental impact."
ref_9,behavioral_nudge_campaign,"The behavioral nudge campaign has subtly influenced fish-people's behavior without being heavy-handed. The gentle reminders and positive reinforcement have created a culture of environmental awareness that feels natural and sustainable.","The campaign's effects were slow to materialize, and some fish-people found the constant reminders annoying. The approach didn't work for everyone, and some required more direct intervention to change their behavior.","The campaign has become part of our cultural fabric. The environmental messages are now woven into our daily lives, and the nudges feel like natural reminders rather than external pressure."
ref_10,promote_false_biodegradables,"The promotion of false biodegradables initially seemed like a good solution, but it has created more problems than it solved. The materials don't actually degrade in ocean conditions, and the false promise has undermined trust in environmental solutions.","The false biodegradables have actually increased pollution, as fish-people think they're using environmentally friendly materials when they're not. The deception has damaged the reputation of environmental initiatives and made fish-people more skeptical of new solutions.","The experience has taught us valuable lessons about the importance of scientific rigor and honest communication. We now have stricter standards for environmental claims and better testing procedures."
